id,first_name,last_name
1,Gloria,C
2,Randy,A
3,Harry,M
4,Bruce,N
5,Emily,J
6,Emily,O
7,Rebecca,D
8,Randy,B
9,Roger,G
10,Carlos,O
11,Martin,P
12,Louise,G
13,Beverly,C
14,Melissa,C
15,Fred,F
16,Jeremy,M
17,Melissa,O
18,Julia,M
19,Randy,F
20,Nicholas,P
21,Harry,M
22,Shawn,B
23,Amy,F
24,Shawn,T
25,Harry,A
26,Alice,N
27,Andrea,N
28,Kathleen,E
29,Randy,C
30,Kelly,B
31,Frank,K
32,Julia,B
33,Louise,M
34,Willie,L
35,Bruce,R
36,Roy,P
37,Rachel,H
38,Katherine,G
39,Roger,T
40,Beverly,N
41,Justin,L
42,Justin,P
43,Katherine,N
44,Carlos,D
45,Rebecca,O
46,Kathryn,P
47,Justin,C
48,Judy,W
49,Maria,B
50,Wanda,L
51,Martin,J
52,Beverly,G
53,Bruce,V
54,Anna,K
55,Rebecca,A
56,Rebecca,T
57,Fred,W
58,Randy,S
59,Ann,E
60,Kelly,T
61,Bruce,F
62,Andrea,C
63,Bruce,W
64,Diana,B
65,Emily,S
66,Ann,P
67,Lois,L
68,Melissa,A
69,Nicholas,F
70,Dennis,P
71,Steve,S
72,Harry,N
73,Melissa,H
74,Beverly,J
75,Maria,J
76,Louise,L
77,Emily,D
78,Rachel,M
79,Wanda,S
80,Carlos,H
81,Nicholas,L
82,Anna,O
83,Anna,A
84,Frank,P
85,Nicholas,D
86,Amy,G
87,Shawn,J
88,Aaron,P
89,Randy,K
90,Louise,B
91,Rachel,T
92,Nicholas,M
93,Carlos,E
94,Kathryn,H
95,Beverly,V
96,Carlos,F
97,Ruth,H
98,Nancy,S
99,Judy,W
100,Frank,V
